{"last_epoch": 7, "epoch_1": {"acc": 0.6058, "loss": 0.6425972537040711, "val_acc": 0.6528, "val_loss": 0.5995056622505188}, "epoch_3": {"acc": 0.80074999999999996, "loss": 0.41146060695648196, "val_acc": 0.64800000000000002, "val_loss": 0.63512246952056883}, "epoch_2": {"acc": 0.74205, "loss": 0.5101232887268067, "val_acc": 0.6508, "val_loss": 0.6071973465919495}, "epoch_5": {"acc": 0.75480000000000003, "loss": 0.46776718668937683, "val_acc": 0.65580000000000005, "val_loss": 0.63875198831558233}, "epoch_4": {"acc": 0.73614999999999997, "loss": 0.50818019533157344, "val_acc": 0.6532, "val_loss": 0.6110738628387451}, "epoch_7": {"acc": 0.77880000000000005, "loss": 0.42357610611915586, "val_acc": 0.65900000000000003, "val_loss": 0.67123187026977538}, "epoch_6": {"acc": 0.76839999999999997, "loss": 0.44294268140792847, "val_acc": 0.66000000000000003, "val_loss": 0.63665865364074703}}