{"last_epoch": 11, "acc": [0.6058, 0.74205, 0.72, 0.7471, 0.7621, 0.7738, 0.81215000000000004, 0.80254999999999999, 0.80840000000000001, 0.81655, 0.81840000000000002], "val_acc": [0.6528, 0.6508, 0.6562, 0.6574, 0.6572, 0.6594, 0.6472, 0.65780000000000005, 0.6542, 0.64880000000000004, 0.66039999999999999], "val_loss": [0.5995056622505188, 0.6071973465919495, 0.5995717434883118, 0.6219932001113891, 0.6243351417541504, 0.6509497165679932, 0.70489950141906743, 0.71683116588592533, 0.80894017219543457, 0.7901786951065064, 0.81199211883544919], "loss": [0.6425972537040711, 0.5101232887268067, 0.5289476917266845, 0.4878298647880554, 0.45762448492050173, 0.4357200506210327, 0.37078167300224302, 0.38151892833709716, 0.36404376506805419, 0.34956284122467041, 0.34170683345794678]}