{"last_epoch": 5, "acc": [0.60604999999999998, 0.70084999999999997, 0.73475000000000001, 0.75654999999999994, 0.77139999999999997], "val_acc": [0.64600000000000002, 0.66759999999999997, 0.65939999999999999, 0.66259999999999997, 0.65939999999999999], "val_loss": [0.60020114879608155, 0.59239331998825073, 0.59669366950988767, 0.61745722417831417, 0.66026348447799688], "loss": [0.64236149873733517, 0.56017358307838439, 0.50907879762649533, 0.47027183799743655, 0.43947629985809328]}